ru,en,am,category
cаакян,,,surname
cимонян,,,surname
абагян,,,surname
абаджян,,,surname
абазян,,,surname
абальян,,,surname
абалян,,,surname
абгарьян,,,surname
абгарян,,,surname
абгорян,,,surname
абдалян,,,surname
абелян,,,surname
абидонян,,,surname
абиян,,,surname
абкарян,,,surname
абовян,,,surname
абоян,,,surname
абоянц,,,surname
абраамян,,,surname
абрамян,,,surname
абрамянц,,,surname
абромян,,,surname
аброян,,,surname
абрыымян,,,surname
абулян,,,surname
абьян,,,surname
абян,,,surname
авагян,,,surname
авакимян,,,surname
авакиян,,,surname
авакумьянц,,,surname
авакьян,,,surname
авакьянц,,,surname
авакян,,,surname
авакянц,,,surname
авальян,,,surname
авалян,,,surname
авангулян,,,surname
аванесьян,,,surname
аванесян,,,surname
аванесянц,,,surname
аванисян,,,surname
аваннесян,,,surname
аванян,,,surname
аватисян,,,surname
аваян,,,surname
авдалян,,,surname
авдевосян,,,surname
авджиян,,,surname
авджукян,,,surname
авджян,,,surname
авдольян,,,surname
авдолян,,,surname
авдоян,,,surname
аведикян,,,surname
аведисьян,,,surname
аведисян,,,surname
аведьян,,,surname
аведян,,,surname
авенян,,,surname
аветасян,,,surname
аветикян,,,surname
аветисьян,,,surname
аветисян,,,surname
аветисянц,,,surname
аветьян,,,surname
аветян,,,surname
авеян,,,surname
авжян,,,surname
авитесян,,,surname
авитисян,,,surname
авиян,,,surname
авокян,,,surname
авоян,,,surname
авсаркисян,,,surname
автандилян,,,surname
автесян,,,surname
авчян,,,surname
авшврян,,,surname
авштарян,,,surname
агабабян,,,surname
агабалян,,,surname
агабаян,,,surname
агабекян,,,surname
агагабян,,,surname
агаглуян,,,surname
агаджанян,,,surname
агазадьян,,,surname
агакарьян,,,surname
агаларян,,,surname
агамалян,,,surname
агамирзянц,,,surname
агамян,,,surname
аганесян,,,surname
аганикян,,,surname
аганисян,,,surname
агаронян,,,surname
агасарян,,,surname
агасян,,,surname
агасянц,,,surname
агаханян,,,surname
агаян,,,surname
агбалян,,,surname
агекян,,,surname
агеян,,,surname
агикян,,,surname
агиян,,,surname
агламазян,,,surname
агламишьянц,,,surname
агозян,,,surname
адабашян,,,surname
адамьян,,,surname
адамьянц,,,surname
адамян,,,surname
адамянц,,,surname
адаян,,,surname
адельханян,,,surname
адеян,,,surname
аджабян,,,surname
аджамян,,,surname
аджатян,,,surname
аджемян,,,surname
аджинян,,,surname
адибекян,,,surname
адилханян,,,surname
адиян,,,surname
адомян,,,surname
адоян,,,surname
адулян,,,surname
адшханян,,,surname
адыбекянц,,,surname
адьян,,,surname
адян,,,surname
азарьянц,,,surname
азарян,,,surname
азатьян,,,surname
азатян,,,surname
азаянц,,,surname
азибекян,,,surname
азизбекян,,,surname
азизбенян,,,surname
азизьянц,,,surname
азизян,,,surname
азиэбекян,,,surname
азнаурьян,,,surname
азнаурьянц,,,surname
азнаурян,,,surname
азоян,,,surname
азоянц,,,surname
азроян,,,surname
аидинян,,,surname
айвазовский,,,surname
айвазьян,,,surname
айвазьянц,,,surname
айвазян,,,surname
айвазянц,,,surname
айвозьян,,,surname
айдинян,,,surname
айдунян,,,surname
айдынян,,,surname
айоян,,,surname
айраметян,,,surname
айрапетьян,,,surname
айрапетьянц,,,surname
айрапетян,,,surname
айрапетянц,,,surname
айрикян,,,surname
айриян,,,surname
айриянц,,,surname
айропитян,,,surname
айроян,,,surname
айрпетян,,,surname
айрумян,,,surname
айрян,,,surname
айханян,,,surname
аказарян,,,surname
акапян,,,surname
акобян,,,surname
акопджанян,,,surname
акопьян,,,surname
акопьянц,,,surname
акопян,,,surname
акопянц,,,surname
акорян,,,surname
акоян,,,surname
акулян,,,surname
алабердян,,,surname
алавердян,,,surname
алагезян,,,surname
алагулян,,,surname
аладжанян,,,surname
аладжян,,,surname
алахвердян,,,surname
алейдзян,,,surname
алексаньянц,,,surname
алексанян,,,surname
алексанянц,,,surname
алексасян,,,surname
алексеян,,,surname
алексиян,,,surname
алексиянц,,,surname
алекьян,,,surname
алекян,,,surname
алибабаян,,,surname
алиханян,,,surname
алиян,,,surname
алкамян,,,surname
аллабян,,,surname
аллавердян,,,surname
аллахвердян,,,surname
алмаян,,,surname
алоян,,,surname
алтунян,,,surname
алуханян,,,surname
алхасян,,,surname
амалян,,,surname
аманьян,,,surname
амарян,,,surname
амаспюрянц,,,surname
аматунянц,,,surname
амбаруумьян,,,surname
амбарцулян,,,surname
амбарцумян,,,surname
амбарцунян,,,surname
амбарьянц,,,surname
амбарян,,,surname
амбоян,,,surname
амельян,,,surname
амельянц,,,surname
амерханян,,,surname
амерян,,,surname
амзаян,,,surname
амзоян,,,surname
амизян,,,surname
амирханьян,,,surname
амирханян,,,surname
амирхаян,,,surname
амирян,,,surname
амирянц,,,surname
амоньян,,,surname
амоян,,,surname
амунян,,,surname
ананикьян,,,surname
ананикян,,,surname
ананьян,,,surname
ананян,,,surname
ананянц,,,surname
анапалян,,,surname
анастасян,,,surname
анахасьянц,,,surname
анахасян,,,surname
ангарьян,,,surname
андинян,,,surname
андлян,,,surname
андрасян,,,surname
андреасян,,,surname
андресьян,,,surname
андриасян,,,surname
андрисян,,,surname
андриян,,,surname
андрусян,,,surname
андрян,,,surname
андрясян,,,surname
анесян,,,surname
анизян,,,surname
анисонян,,,surname
анмегикян,,,surname
анриасян,,,surname
антанесян,,,surname
антаносян,,,surname
антикян,,,surname
антинян,,,surname
антониян,,,surname
антоньян,,,surname
антонян,,,surname
антонянц,,,surname
анушова,,,surname
апелян,,,surname
аперян,,,surname
апетьян,,,surname
апетян,,,surname
апикян,,,surname
апинян,,,surname
апицарян,,,surname
апкарян,,,surname
апозян,,,surname
апоян,,,surname
апресян,,,surname
арабаджян,,,surname
арабачьян,,,surname
арабачян,,,surname
арабян,,,surname
арабянц,,,surname
аракельян,,,surname
аракельянц,,,surname
аракелян,,,surname
аракильян,,,surname
аракилян,,,surname
аракян,,,surname
арамян,,,surname
арапетян,,,surname
аратюнян,,,surname
араян,,,surname
ардельян,,,surname
арделян,,,surname
ардиянц,,,surname
ардуханян,,,surname
аревшатян,,,surname
арекалян,,,surname
ареян,,,surname
арзаканцян,,,surname
арзаканян,,,surname
арзанян,,,surname
арзоян,,,surname
арзрумцян,,,surname
арзуманьян,,,surname
арзуманян,,,surname
арзуян,,,surname
арзыкян,,,surname
аристакесян,,,surname
аристакян,,,surname
ариян,,,surname
аркельянц,,,surname
аркелян,,,surname
аркелянц,,,surname
арменакян,,,surname
ароян,,,surname
ароянц,,,surname
арсенов,,,surname
арсенова,,,surname
арсенян,,,surname
арсян,,,surname
артарьян,,,surname
арташесян,,,surname
артемян,,,surname
артенян,,,surname
артерьянц,,,surname
артуньян,,,surname
артунян,,,surname
артюнян,,,surname
артюнянц,,,surname
артюшов,,,surname
артюшова,,,surname
арумян,,,surname
арустамян,,,surname
арутенян,,,surname
арутинян,,,surname
арутонян,,,surname
арутунян,,,surname
арутюнов,,,surname
арутюнова,,,surname
арутюнян,,,surname
арутюнянц,,,surname
арутюрян,,,surname
арушанян,,,surname
арчиянц,,,surname
арчян,,,surname
аршаков,,,surname
аршакьян,,,surname
аршакян,,,surname
аршалян,,,surname
асадян,,,surname
асанян,,,surname
асатарьян,,,surname
асаторьян,,,surname
асатрян,,,surname
асатурьян,,,surname
асатурян,,,surname
асаян,,,surname
асвиян,,,surname
асилбекян,,,surname
асирьянц,,,surname
асирян,,,surname
асламазян,,,surname
асланьянц,,,surname
асланян,,,surname
асланянц,,,surname
асликян,,,surname
аслоньян,,,surname
аслонян,,,surname
асмаян,,,surname
асоян,,,surname
аспадурьян,,,surname
асратьянц,,,surname
асратян,,,surname
асриян,,,surname
асриянц,,,surname
асрян,,,surname
астарян,,,surname
астатурян,,,surname
аствацатурьян,,,surname
аствацатурян,,,surname
астоян,,,surname
астратьян,,,surname
асубян,,,surname
асулян,,,surname
асфиян,,,surname
атабекян,,,surname
атагульян,,,surname
атагян,,,surname
атаджанян,,,surname
атакян,,,surname
атальян,,,surname
аталян,,,surname
атанакинян,,,surname
атанесян,,,surname
атасян,,,surname
атаян,,,surname
атаянц,,,surname
атовмян,,,surname
атоян,,,surname
атулян,,,surname
афатян,,,surname
афтандилянц,,,surname
афян,,,surname
ахвердян,,,surname
ахиян,,,surname
ачарян,,,surname
ачикезян,,,surname
ачинян,,,surname
ашалян,,,surname
ашикарьян,,,surname
ашкарян,,,surname
ашмян,,,surname
ашрафьян,,,surname
ашрафян,,,surname
ашухатоян,,,surname
ашхатоян,,,surname
аязян,,,surname
бабагулян,,,surname
бабаджанян,,,surname
бабажанян,,,surname
бабалыхьян,,,surname
бабалян,,,surname
бабасьянц,,,surname
бабасян,,,surname
бабаханян,,,surname
бабахьян,,,surname
бабаян,,,surname
бабаянц,,,surname
бабикьян,,,surname
бабикьянц,,,surname
бабиньян,,,surname
бабинян,,,surname
бабиян,,,surname
бабиянц,,,surname
баблоян,,,surname
бабоян,,,surname
бабулян,,,surname
бабурян,,,surname
бавеян,,,surname
бавеянц,,,surname
бавиянц,,,surname
бавоян,,,surname
багаджиян,,,surname
багарьян,,,surname
багарян,,,surname
багдадян,,,surname
багдалян,,,surname
багдасаров,,,surname
багдасарова,,,surname
багдасарьян,,,surname
багдасарьянц,,,surname
багдасарян,,,surname
багдасарянц,,,surname
багдасерян,,,surname
багдасян,,,surname
багдатян,,,surname
багдосарян,,,surname
багдосорян,,,surname
багирян,,,surname
багирянц,,,surname
багиян,,,surname
багиянц,,,surname
багманян,,,surname
багоян,,,surname
баграмян,,,surname
баграмянц,,,surname
багратьян,,,surname
багратян,,,surname
багромян,,,surname
багян,,,surname
бадальян,,,surname
бадалян,,,surname
бадамян,,,surname
бадасян,,,surname
бадзян,,,surname
бадишян,,,surname
бадоян,,,surname
бадян,,,surname
базгоян,,,surname
базельян,,,surname
базильян,,,surname
базилян,,,surname
базиян,,,surname
базыльян,,,surname
байбуртян,,,surname
байбурцян,,,surname
байлевонян,,,surname
байрозян,,,surname
бакоян,,,surname
балабаньян,,,surname
балабанян,,,surname
балабекян,,,surname
балазян,,,surname
баланян,,,surname
баласанян,,,surname
баласянц,,,surname
балахян,,,surname
балацкян,,,surname
балаян,,,surname
балаянц,,,surname
балбабян,,,surname
балбасян,,,surname
балекчян,,,surname
балишян,,,surname
балоян,,,surname
балтян,,,surname
балуян,,,surname
балуянц,,,surname
бальян,,,surname
балян,,,surname
бандикян,,,surname
бандурян,,,surname
банклиян,,,surname
баноян,,,surname
баратян,,,surname
барахтян,,,surname
барашьян,,,surname
бараян,,,surname
барбарян,,,surname
барванян,,,surname
баргесян,,,surname
бардахчиян,,,surname
бардахчьян,,,surname
бардиян,,,surname
бардыян,,,surname
барегамян,,,surname
бареян,,,surname
барладян,,,surname
барнагьян,,,surname
барнагян,,,surname
баронян,,,surname
бароян,,,surname
бароянц,,,surname
барсамян,,,surname
барсегян,,,surname
барсельян,,,surname
барселян,,,surname
барсемян,,,surname
барсеян,,,surname
барсикян,,,surname
барсумян,,,surname
барсунянц,,,surname
бархударян,,,surname
барцикян,,,surname
басмаджян,,,surname
бастаджян,,,surname
батальянц,,,surname
баташанян,,,surname
батрульян,,,surname
батьян,,,surname
батян,,,surname
бахтамян,,,surname
бахтян,,,surname
бахчиньянц,,,surname
бахчинян,,,surname
бахчоян,,,surname
бахчян,,,surname
бахшиян,,,surname
бахшян,,,surname
бацян,,,surname
башканян,,,surname
баяджян,,,surname
баян,,,surname
баяндурян,,,surname
баятян,,,surname
баяхчиян,,,surname
бдоян,,,surname
бебеян,,,surname
бегинян,,,surname
бегиян,,,surname
бегларян,,,surname
беглорьян,,,surname
беглярянц,,,surname
бегоян,,,surname
бегракян,,,surname
беджанян,,,surname
беджосьян,,,surname
бедикьян,,,surname
бедикян,,,surname
бединян,,,surname
бедросьян,,,surname
бедян,,,surname
бежанян,,,surname
безлян,,,surname
бекарян,,,surname
бекеречян,,,surname
бекларян,,,surname
бекназарян,,,surname
бекташян,,,surname
бекчян,,,surname
бекян,,,surname
белезян,,,surname
беликьян,,,surname
белсанян,,,surname
бельдиян,,,surname
белян,,,surname
бенклян,,,surname
бенян,,,surname
берберьян,,,surname
берберян,,,surname
бердиян,,,surname
берегчиян,,,surname
берекчиян,,,surname
берещьян,,,surname
берикян,,,surname
берладян,,,surname
бешерян,,,surname
бжекьянц,,,surname
бзезян,,,surname
биджосян,,,surname
билян,,,surname
бинятян,,,surname
бичахчян,,,surname
биюкьян,,,surname
блбулян,,,surname
блдулян,,,surname
блеян,,,surname
бликян,,,surname
бобежьян,,,surname
бобиштян,,,surname
боблян,,,surname
богданян,,,surname
богдарсарьян,,,surname
богдасарьян,,,surname
богдасарян,,,surname
богдасарянц,,,surname
богосьян,,,surname
богосян,,,surname
богоян,,,surname
бограмян,,,surname
боджикян,,,surname
боджолян,,,surname
боджукян,,,surname
бодоян,,,surname
бодьян,,,surname
бодян,,,surname
божежьян,,,surname
боздованьян,,,surname
бозиян,,,surname
бозоян,,,surname
бозукян,,,surname
бозян,,,surname
боиштян,,,surname
боладьян,,,surname
болдарян,,,surname
болодьян,,,surname
болтян,,,surname
бордиян,,,surname
боросян,,,surname
борян,,,surname
бостанджян,,,surname
бостанжиян,,,surname
ботян,,,surname
боцян,,,surname
бочолян,,,surname
бошканян,,,surname
бошнагян,,,surname
бояджян,,,surname
боян,,,surname
браилян,,,surname
брайлян,,,surname
брейлян,,,surname
броян,,,surname
брсоян,,,surname
брутян,,,surname
бубушян,,,surname
будагян,,,surname
будагянц,,,surname
будиштян,,,surname
будумян,,,surname
будурян,,,surname
будьян,,,surname
будян,,,surname
бузиян,,,surname
бузуян,,,surname
бузян,,,surname
букушян,,,surname
булгурян,,,surname
булоян,,,surname
булудян,,,surname
булутянц,,,surname
бунатян,,,surname
буниатян,,,surname
бурджелян,,,surname
бурнучян,,,surname
буруян,,,surname
бурьян,,,surname
бутуньянц,,,surname
буюклян,,,surname
буюкян,,,surname
буян,,,surname
бшарян,,,surname
бябулян,,,surname
ваганян,,,surname
вагаршакян,,,surname
ваградян,,,surname
ваграмов,,,surname
вадиян,,,surname
вазгенян,,,surname
вайзьян,,,surname
вайтекян,,,surname
валержян,,,surname
валян,,,surname
ван-юн-сян,,,surname
ванацьян,,,surname
ванесян,,,surname
ванецян,,,surname
ваниян,,,surname
ваниянц,,,surname
ваньян,,,surname
ваньянц,,,surname
ванян,,,surname
ваптахчян,,,surname
варагян,,,surname
варваштьян,,,surname
варваштян,,,surname
вардалиян,,,surname
варданян,,,surname
вардапетян,,,surname
вардересян,,,surname
вардзигулянц,,,surname
вардикян,,,surname
вардиян,,,surname
вардумян,,,surname
варелджян,,,surname
варельджян,,,surname
варельжян,,,surname
варосян,,,surname
вартабедьян,,,surname
вартазарян,,,surname
вартаньян,,,surname
вартаньянц,,,surname
вартанян,,,surname
вартапетян,,,surname
вартеванян,,,surname
вартересьян,,,surname
вартересян,,,surname
вартикян,,,surname
варткесян,,,surname
варткинаян,,,surname
вартумян,,,surname
вартьян,,,surname
вартян,,,surname
варунгян,,,surname
варункян,,,surname
василиян,,,surname
васильян,,,surname
василян,,,surname
васисян,,,surname
васканян,,,surname
ваян,,,surname
веайетянц,,,surname
вегриян,,,surname
везерьян,,,surname
везирян,,,surname
велецян,,,surname
велицян,,,surname
велян,,,surname
веранян,,,surname
верапатвельян,,,surname
вердиян,,,surname
вердян,,,surname
вермишян,,,surname
веропотвельян,,,surname
веськиян,,,surname
вигриян,,,surname
вилян,,,surname
вирабян,,,surname
вирапян,,,surname
виробьян,,,surname
виробян,,,surname
власян,,,surname
водопьян,,,surname
водян,,,surname
возиян,,,surname
возукян,,,surname
войтекян,,,surname
войтюлян,,,surname
волосян,,,surname
волян,,,surname
воронян,,,surname
воросян,,,surname
восканьян,,,surname
восканян,,,surname
восканянц,,,surname
воскапян,,,surname
воскаян,,,surname
воскерчьянц,,,surname
восконьян,,,surname
восконян,,,surname
вувуникян,,,surname
вшинян,,,surname
вырабянц,,,surname
высоколян,,,surname
габаджанян,,,surname
габаян,,,surname
габаянц,,,surname
габоян,,,surname
габрельян,,,surname
габрелян,,,surname
габриелян,,,surname
габрильян,,,surname
габрильянц,,,surname
габрилян,,,surname
габрилянц,,,surname
габриэльян,,,surname
габриэлян,,,surname
габузян,,,surname
габулян,,,surname
габызян,,,surname
габян,,,surname
гавалян,,,surname
гавриян,,,surname
гагалаян,,,surname
гагирян,,,surname
гадакчян,,,surname
гаджиян,,,surname
гадзиян,,,surname
газарьянц,,,surname
газарян,,,surname
газарянц,,,surname
газиянц,,,surname
гайбарян,,,surname
гайламазян,,,surname
гайриян,,,surname
галаджян,,,surname
галайджян,,,surname
галаксазян,,,surname
галастиян,,,surname
галастьян,,,surname
галачьянц,,,surname
галашухян,,,surname
галечян,,,surname
галиджян,,,surname
галикьян,,,surname
галичьян,,,surname
галоян,,,surname
галстьян,,,surname
галстян,,,surname
галтаксазян,,,surname
галтахсфзян,,,surname
галубян,,,surname
галузьян,,,surname
галумян,,,surname
галустов,,,surname
галустова,,,surname
галустьян,,,surname
галустян,,,surname
галустянц,,,surname
галуян,,,surname
галфаян,,,surname
гальперян,,,surname
гальстян,,,surname
гальян,,,surname
галян,,,surname
гамалян,,,surname
гамбарян,,,surname
гамбурьян,,,surname
гампоян,,,surname
ганджумян,,,surname
ганджумянц,,,surname
гандылян,,,surname
гапоян,,,surname
гаранян,,,surname
гараян,,,surname
гарбиелян,,,surname
гарбузян,,,surname
гардиян,,,surname
гарибян,,,surname
гаричян,,,surname
гармерян,,,surname
гарникян,,,surname
гароян,,,surname
гарсаян,,,surname
гарсеванян,,,surname
гарслян,,,surname
гарьян,,,surname
гасанян,,,surname
гасоян,,,surname
гасоянц,,,surname
гаспарьян,,,surname
гаспарян,,,surname
гаспарянц,,,surname
гаспорян,,,surname
гасратян,,,surname
гасумян,,,surname
гатьян,,,surname
гаян,,,surname
гвардиян,,,surname
гевикьянц,,,surname
гевондян,,,surname
геворгян,,,surname
геворкьян,,,surname
геворкян,,,surname
геворнян,,,surname
гевортян,,,surname
геворчян,,,surname
гегамян,,,surname
гегомян,,,surname
геджян,,,surname
гезалян,,,surname
гейвандянц,,,surname
гейвондян,,,surname
геогджаян,,,surname
геодакян,,,surname
геозалян,,,surname
георгиян,,,surname
георгиянц,,,surname
георгян,,,surname
гепоян,,,surname
герлянц,,,surname
геровгян,,,surname
гечкян,,,surname
гзирян,,,surname
гзогян,,,surname
гиблиян,,,surname
гиголян,,,surname
гидулян,,,surname
гижларьян,,,surname
гиновян,,,surname
гиносян,,,surname
гиноян,,,surname
гирагосян,,,surname
гирлян,,,surname
гичян,,,surname
гишян,,,surname
гиянц,,,surname
глечян,,,surname
глиджян,,,surname
глоян,,,surname
глушанян,,,surname
гноян,,,surname
говоргян,,,surname
гогорян,,,surname
гожулян,,,surname
гозиян,,,surname
гозолян,,,surname
гокорян,,,surname
голостян,,,surname
голульянц,,,surname
голустьян,,,surname
гольян,,,surname
голян,,,surname
гомцян,,,surname
гониян,,,surname
гонян,,,surname
горанцян,,,surname
горгадзян,,,surname
горгинян,,,surname
гордиян,,,surname
горнян,,,surname
городян,,,surname
горянц,,,surname
гоян,,,surname
граждян,,,surname
грдилян,,,surname
грекьян,,,surname
григорьян,,,surname
григорьянц,,,surname
григорян,,,surname
григорянц,,,surname
гриждиян,,,surname
грикьян,,,surname
грикян,,,surname
гришикян,,,surname
гришкян,,,surname
гркикян,,,surname
гспоян,,,surname
губасарян,,,surname
гугасян,,,surname
гугосьян,,,surname
гугулян,,,surname
гударьян,,,surname
гудорьян,,,surname
гудьян,,,surname
гудян,,,surname
гуерян,,,surname
гукасьян,,,surname
гукасян,,,surname
гукосьян,,,surname
гукосян,,,surname
гулахзян,,,surname
гулаян,,,surname
гулеян,,,surname
гулинян,,,surname
гулиян,,,surname
гулиянц,,,surname
гуллакеян,,,surname
гульбекян,,,surname
гульназарян,,,surname
гульян,,,surname
гулян,,,surname
гумашян,,,surname
гуммякян,,,surname
гургенова,,,surname
гургенян,,,surname
гурджиян,,,surname
гурунян,,,surname
гурьян,,,surname
гуторьян,,,surname
гуторян,,,surname
гутян,,,surname
гхахрамонян,,,surname
гэирян,,,surname
гэогян,,,surname
гюгезян,,,surname
гюламбарян,,,surname
гюлбекян,,,surname
гюлвардян,,,surname
гюлумян,,,surname
гюлумянц,,,surname
гюлушанян,,,surname
гюльназарян,,,surname
гюльян,,,surname
гюрджиян,,,surname
гюрджян,,,surname
гюрегьян,,,surname
дабагян,,,surname
дабринян,,,surname
дабриян,,,surname
даваян,,,surname
давидьян,,,surname
давидьянц,,,surname
давидян,,,surname
давидянц,,,surname
давитян,,,surname
давлашьян,,,surname
давоян,,,surname
давришян,,,surname
давтян,,,surname
давыдьянц,,,surname
давыдян,,,surname
давыян,,,surname
дагдаверян,,,surname
дагдавурян,,,surname
даглдиян,,,surname
даглдян,,,surname
дадальян,,,surname
дадамян,,,surname
дадамянц,,,surname
дадасян,,,surname
дадашьян,,,surname
дадашян,,,surname
дадаян,,,surname
дадаянц,,,surname
дадикян,,,surname
дадиян,,,surname
дадиянц,,,surname
дадолян,,,surname
дадоян,,,surname
дадьян,,,surname
дадьянц,,,surname
дадян,,,surname
далакян,,,surname
далалоян,,,surname
даларян,,,surname
даллакян,,,surname
далоян,,,surname
дальвадянц,,,surname
дальян,,,surname
далян,,,surname
дамадян,,,surname
дамелян,,,surname
дамирчиян,,,surname
дамьян,,,surname
дамян,,,surname
данельян,,,surname
данелян,,,surname
даниелян,,,surname
данильян,,,surname
данильянц,,,surname
данилян,,,surname
данилянц,,,surname
даниэльян,,,surname
даниэльянц,,,surname
даниэлян,,,surname
даньян,,,surname
даракчиян,,,surname
даракчьян,,,surname
даракчян,,,surname
дарбинян,,,surname
дарзиян,,,surname
дарманьян,,,surname
дарманян,,,surname
дармоян,,,surname
дарпинян,,,surname
даштоян,,,surname
дашян,,,surname
дащян,,,surname
даян,,,surname
дветисян,,,surname
двоян,,,surname
девлетьянц,,,surname
деланьян,,,surname
делегевурьян,,,surname
делеян,,,surname
делибалтаян,,,surname
делигевурян,,,surname
делигорьян,,,surname
делигян,,,surname
делокьян,,,surname
демержиян,,,surname
демерчян,,,surname
демирчян,,,surname
демирьянц,,,surname
демурчян,,,surname
демурян,,,surname
демьян,,,surname
демян,,,surname
депелян,,,surname
депонян,,,surname
дерацуян,,,surname
дердерьян,,,surname
деремьян,,,surname
деремян,,,surname
дерцян,,,surname
джабарян,,,surname
джавадян,,,surname
джаванян,,,surname
джавоян,,,surname
джавршян,,,surname
джаганянц,,,surname
джагарян,,,surname
джагацпанян,,,surname
джагетян,,,surname
джагинян,,,surname
джакинян,,,surname
джалавян,,,surname
джалалян,,,surname
джамалян,,,surname
джамбальян,,,surname
джанаян,,,surname
джанвелян,,,surname
джангирян,,,surname
джангоян,,,surname
джанджанян,,,surname
джанджугазян,,,surname
джанерян,,,surname
джаниян,,,surname
джаноян,,,surname
джансузян,,,surname
джанумян,,,surname
джанян,,,surname
джараян,,,surname
дждоян,,,surname
джеилетян,,,surname
джелаухян,,,surname
дженикян,,,surname
джербедян,,,surname
джибилян,,,surname
дживанян,,,surname
дживелекян,,,surname
дживодян,,,surname
джидарян,,,surname
джиликян,,,surname
джиловян,,,surname
джинибалаян,,,surname
джлавян,,,surname
джлазян,,,surname
джлаухян,,,surname
джогорян,,,surname
джорухян,,,surname
джувалакян,,,surname
джувалякян,,,surname
джуваникян,,,surname
джувелекян,,,surname
джувеликян,,,surname
джугурян,,,surname
джулакян,,,surname
джумаян,,,surname
джухунян,,,surname
джуян,,,surname
дзаварян,,,surname
дзиваян,,,surname
дзканян,,,surname
дзреян,,,surname
дзян,,,surname
диванян,,,surname
дилакян,,,surname
диланчян,,,surname
диланьян,,,surname
диланян,,,surname
дилбарян,,,surname
диленян,,,surname
димаксян,,,surname
димитрян,,,surname
динконзянц,,,surname
дирацуян,,,surname
длдлян,,,surname
дмитрян,,,surname
днистрян,,,surname
добриян,,,surname
добрыян,,,surname
довидян,,,surname
довладбекян,,,surname
довлатян,,,surname
довмалян,,,surname
довтян,,,surname
довыян,,,surname
доголдиян,,,surname
додорян,,,surname
додохьян,,,surname
додохян,,,surname
додьян,,,surname
додян,,,surname
дойдоян,,,surname
долинян,,,surname
долмазян,,,surname
долмаян,,,surname
долоян,,,surname
домбалян,,,surname
домбаян,,,surname
доминтян,,,surname
домьян,,,surname
донерян,,,surname
дохолян,,,surname
дохоян,,,surname
дохсанянц,,,surname
драйян,,,surname
драмбян,,,surname
дрноян,,,surname
друзьян,,,surname
друян,,,surname
дудукчян,,,surname
думаньянц,,,surname
думанян,,,surname
думикян,,,surname
думоян,,,surname
дунамалян,,,surname
дунаян,,,surname
дуникян,,,surname
дургалян,,,surname
дургарян,,,surname
дургорян,,,surname
дурниян,,,surname
дурнопьян,,,surname
дурьян,,,surname
дылян,,,surname
евангулян,,,surname
евриян,,,surname
егазарьянц,,,surname
егазарян,,,surname
егаизарян,,,surname
еганян,,,surname
еганянц,,,surname
егиазарьян,,,surname
егиазарян,,,surname
егиазарянц,,,surname
егиазорян,,,surname
егизарян,,,surname
егикян,,,surname
егинзарян,,,surname
егинян,,,surname
егишян,,,surname
егиязарян,,,surname
егиян,,,surname
егиянц,,,surname
еглазарян,,,surname
егназарян,,,surname
егозарьян,,,surname
егомян,,,surname
егонян,,,surname
егорян,,,surname
егоян,,,surname
егунян,,,surname
егян,,,surname
едигарян,,,surname
едигорян,,,surname
езекян,,,surname
езикелян,,,surname
езоян,,,surname
елизбарян,,,surname
елиянц,,,surname
ельмалян,,,surname
елян,,,surname
емельян,,,surname
емильян,,,surname
емишян,,,surname
енгибарян,,,surname
енгиборян,,,surname
енгоян,,,surname
енокян,,,surname
епиян,,,surname
епремян,,,surname
еприкян,,,surname
ераносьян,,,surname
ераносян,,,surname
еранян,,,surname
ервандян,,,surname
еремьян,,,surname
еремян,,,surname
еремянц,,,surname
ересьянц,,,surname
ерижанян,,,surname
ерицян,,,surname
ерканян,,,surname
ероносян,,,surname
ероян,,,surname
есаян,,,surname
есоян,,,surname
еторян,,,surname
етумян,,,surname
ешазарян,,,surname
жамгарян,,,surname
жамкочян,,,surname
жижиян,,,surname
жоян,,,surname
жукьян,,,surname
жукян,,,surname
журьян,,,surname
забелян,,,surname
забиян,,,surname
забунян,,,surname
заварян,,,surname
завенян,,,surname
заграбян,,,surname
загребян,,,surname
загробян,,,surname
задаян,,,surname
задикян,,,surname
задоян,,,surname
задыкян,,,surname
зазиянц,,,surname
зазян,,,surname
зайротьянц,,,surname
закарьян,,,surname
закарян,,,surname
закеян,,,surname
закинян,,,surname
закиян,,,surname
закоян,,,surname
залалян,,,surname
зальян,,,surname
замостьян,,,surname
зан-до-вян,,,surname
запунян,,,surname
зарафян,,,surname
зарафянц,,,surname
заргарьян,,,surname
заргарян,,,surname
зароян,,,surname
затурян,,,surname
захарьян,,,surname
захарьянц,,,surname
захарян,,,surname
захорян,,,surname
заянц,,,surname
збериян,,,surname
зебелян,,,surname
зейтунян,,,surname
зиалян,,,surname
зикарьян,,,surname
зикерьян,,,surname
зильфугарян,,,surname
зиракян,,,surname
зираян,,,surname
зироян,,,surname
злоян,,,surname
зограбян,,,surname
зогранян,,,surname
зодьян,,,surname
золян,,,surname
зопунян,,,surname
зорабян,,,surname
зорьян,,,surname
зосян,,,surname
зохрабян,,,surname
зубочекян,,,surname
зукемян,,,surname
зурабьян,,,surname
зурабян,,,surname
зурикьян,,,surname
зурнаджян,,,surname
зурнанджян,,,surname
зурначян,,,surname
зурниджян,,,surname
ибоян,,,surname
ибраносьянц,,,surname
иванян,,,surname
игиазарян,,,surname
игитханянц,,,surname
игнадосян,,,surname
игноян,,,surname
иджян,,,surname
иерсесян,,,surname
израелян,,,surname
израильян,,,surname
израилян,,,surname
изральян,,,surname
израэльянц,,,surname
ильязянц,,,surname
имизьян,,,surname
инглизиян,,,surname
инглизян,,,surname
инджаян,,,surname
инджикян,,,surname
инджиян,,,surname
инджоян,,,surname
инджян,,,surname
индоян,,,surname
иоаннесьян,,,surname
иоаннисьян,,,surname
иоаннисян,,,surname
ионесян,,,surname
ионисян,,,surname
ирицян,,,surname
ирокосян,,,surname
исаакян,,,surname
исакян,,,surname
исаханьян,,,surname
исаханян,,,surname
исаян,,,surname
искандарян,,,surname
искандорян,,,surname
искоян,,,surname
исоян,,,surname
испирьян,,,surname
испирян,,,surname
исраелян,,,surname
исраслян,,,surname
исраэлян,,,surname
исубян,,,surname
ичмелян,,,surname
ишикян,,,surname
ишханян,,,surname
ишханянц,,,surname
кабадарян,,,surname
кавалерян,,,surname
кагерманьян,,,surname
кагинян,,,surname
кагирмаян,,,surname
кагосьян,,,surname
кагосян,,,surname
каграманян,,,surname
кагриманьян,,,surname
каджаманьян,,,surname
каджоцян,,,surname
каджоян,,,surname
казазян,,,surname
казазянц,,,surname
казанджян,,,surname
казанчян,,,surname
казаросян,,,surname
казарьян,,,surname
казарьянц,,,surname
казарян,,,surname
казахян,,,surname
казачьян,,,surname
казикянц,,,surname
казиньян,,,surname
казумян,,,surname
кайшян,,,surname
какосян,,,surname
какоян,,,surname
калабекьянц,,,surname
калагиян,,,surname
каладжян,,,surname
калайджян,,,surname
калайчян,,,surname
каламкарьян,,,surname
калачян,,,surname
калашьян,,,surname
калашян,,,surname
калащян,,,surname
калбандян,,,surname
календжян,,,surname
калиджян,,,surname
калиянц,,,surname
калпахчьян,,,surname
калтахчян,,,surname
калустьян,,,surname
калустян,,,surname
кальян,,,surname
каляшян,,,surname
камалян,,,surname
каманчаджян,,,surname
камарян,,,surname
камендантян,,,surname
канахчян,,,surname
канашян,,,surname
канджумян,,,surname
канецян,,,surname
кансузян,,,surname
капанян,,,surname
капельян,,,surname
капелян,,,surname
капикьян,,,surname
капикян,,,surname
капрелян,,,surname
каприелян,,,surname
каприян,,,surname
капустян,,,surname
карабахцян,,,surname
карабекян,,,surname
карагебакян,,,surname
карагевурян,,,surname
карагедян,,,surname
карагезян,,,surname
карагозьян,,,surname
карагозян,,,surname
карагулян,,,surname
карагюлян,,,surname
карадаян,,,surname
караджян,,,surname
караказян,,,surname
каракашьян,,,surname
каракашян,,,surname
каракеян,,,surname
каракозьян,,,surname
каракозян,,,surname
каракулян,,,surname
каракуюмчян,,,surname
каракян,,,surname
караманьян,,,surname
караманян,,,surname
караманянц,,,surname
карамян,,,surname
караназарян,,,surname
карапетлян,,,surname
карапетов,,,surname
карапетова,,,surname
карапетьян,,,surname
карапетьянц,,,surname
карапетян,,,surname
карапетянц,,,surname
карартинян,,,surname
карартынян,,,surname
каратынян,,,surname
каратян,,,surname
караханян,,,surname
караян,,,surname
каргазян,,,surname
кардашьян,,,surname
карельян,,,surname
карелян,,,surname
карепетян,,,surname
карибян,,,surname
каркарян,,,surname
каркпетян,,,surname
кармарян,,,surname
кармерян,,,surname
кармиргодиян,,,surname
кармрян,,,surname
карнецян,,,surname
кароян,,,surname
карпоян,,,surname
карслян,,,surname
карташян,,,surname
картельян,,,surname
карян,,,surname
касабьян,,,surname
касабян,,,surname
касаманян,,,surname
касеян,,,surname
касиян,,,surname
касоян,,,surname
каспарьян,,,surname
каспарьянц,,,surname
каспарян,,,surname
кастаньян,,,surname
кастанян,,,surname
кастян,,,surname
касумян,,,surname
касьян,,,surname
касян,,,surname
катунян,,,surname
катымян,,,surname
каукян,,,surname
каушнян,,,surname
кафрельян,,,surname
кафтарян,,,surname
кафьян,,,surname
кахян,,,surname
кацян,,,surname
качалян,,,surname
кашкаян,,,surname
каштальян,,,surname
кашталян,,,surname
каштельян,,,surname
каштелян,,,surname
каштыльян,,,surname
каштэлян,,,surname
кашукчян,,,surname
кащтелян,,,surname
каян,,,surname
каяян,,,surname
квелесьян,,,surname
кевеян,,,surname
кеворгян,,,surname
кеворкян,,,surname
кеворкянц,,,surname
кегеян,,,surname
кедоян,,,surname
кежоян,,,surname
келеменян,,,surname
келешьян,,,surname
кемечеджиян,,,surname
кервалян,,,surname
кереселян,,,surname
керестеджиянц,,,surname
кержонян,,,surname
кериянц,,,surname
керопьян,,,surname
керопян,,,surname
керселян,,,surname
керьян,,,surname
кесеян,,,surname
кесиян,,,surname
кесьян,,,surname
кесян,,,surname
кетиджян,,,surname
кетрян,,,surname
кехвоян,,,surname
кечеджиян,,,surname
кешебян,,,surname
кешешян,,,surname
кешитьян,,,surname
кешишьян,,,surname
кешишян,,,surname
кещиян,,,surname
кещьян,,,surname
кеян,,,surname
кзикян,,,surname
кивирьян,,,surname
кивирян,,,surname
кизирян,,,surname
киланьян,,,surname
килафян,,,surname
килерьян,,,surname
килиян,,,surname
килоян,,,surname
кильян,,,surname
киносян,,,surname
кираджян,,,surname
киракасян,,,surname
киракосьян,,,surname
киракосян,,,surname
кирогосьян,,,surname
кирокасян,,,surname
кирьян,,,surname
кистьян,,,surname
кистян,,,surname
китоян,,,surname
китурян,,,surname
кицканян,,,surname
кишишьян,,,surname
кишлян,,,surname
кишьян,,,surname
киян,,,surname
классян,,,surname
клинчаньян,,,surname
клян,,,surname
кмбоян,,,surname
кнунянц,,,surname
князян,,,surname
кобалян,,,surname
кобелян,,,surname
ковсеян,,,surname
коглян,,,surname
кодриян,,,surname
кодрян,,,surname
кожушнян,,,surname
козарьян,,,surname
козарян,,,surname
козманян,,,surname
козьмян,,,surname
козьян,,,surname
коклян,,,surname
колаян,,,surname
колманян,,,surname
колосян,,,surname
колоян,,,surname
колян,,,surname
комурджиян,,,surname
конахчян,,,surname
кондакчян,,,surname
конджорян,,,surname
кондилян,,,surname
коноплян,,,surname
коношян,,,surname
констанян,,,surname
копельян,,,surname
корганян,,,surname
кордулян,,,surname
коркикян,,,surname
корлатян,,,surname
корманукян,,,surname
корокиян,,,surname
коропян,,,surname
коротнян,,,surname
короян,,,surname
коршудьян,,,surname
корян,,,surname
косакян,,,surname
косиян,,,surname
кособянц,,,surname
костандян,,,surname
костаньян,,,surname
костанян,,,surname
костанянц,,,surname
костикян,,,surname
костоньян,,,surname
костьян,,,surname
костян,,,surname
косьян,,,surname
косян,,,surname
кохян,,,surname
коцыян,,,surname
кочарьянц,,,surname
кочарян,,,surname
кочворян,,,surname
кочикьян,,,surname
кочикьянц,,,surname
кочканьян,,,surname
кочканян,,,surname
кочконьян,,,surname
кочконян,,,surname
кочоян,,,surname
кочьянц,,,surname
кочян,,,surname
кошетян,,,surname
кошецян,,,surname
кошитьян,,,surname
коштоян,,,surname
кошулян,,,surname
коян,,,surname
крамаджян,,,surname
крбашян,,,surname
крестьян,,,surname
кринчиян,,,surname
крисьян,,,surname
крисян,,,surname
криштопян,,,surname
кришьян,,,surname
крмаджян,,,surname
кроян,,,surname
крстян,,,surname
крутиян,,,surname
крысян,,,surname
кспоян,,,surname
ктоян,,,surname
ктрджян,,,surname
куpьян,,,surname
кугоян,,,surname
кудрян,,,surname
кудян,,,surname
кузьян,,,surname
кузян,,,surname
кукьян,,,surname
кукян,,,surname
кулахсзян,,,surname
кульбикоян,,,surname
кульян,,,surname
кулян,,,surname
кундакчян,,,surname
кундупян,,,surname
купальян,,,surname
купалян,,,surname
куприян,,,surname
купчян,,,surname
кургинян,,,surname
курдоглян,,,surname
курегян,,,surname
куркчян,,,surname
куроян,,,surname
куртиян,,,surname
куртян,,,surname
курузян,,,surname
курчиян,,,surname
куршудян,,,surname
курьян,,,surname
кусьянц,,,surname
кутьян,,,surname
кутян,,,surname
кучарьян,,,surname
кучурян,,,surname
кушкян,,,surname
куян,,,surname
кцян,,,surname
кыштальян,,,surname
кюлян,,,surname
кюрегян,,,surname
кюркчян,,,surname
кязумян,,,surname
кян,,,surname
кярамян,,,surname
лазарьянц,,,surname
лазарян,,,surname
лазарянц,,,surname
лазгиян,,,surname
лазгян,,,surname
лазян,,,surname
лалазарян,,,surname
лалаян,,,surname
лалаянц,,,surname
лалян,,,surname
лапоян,,,surname
лапян,,,surname
латоян,,,surname
лачинян,,,surname
лащевская-шиян,,,surname
левонян,,,surname
ледян,,,surname
лобян,,,surname
лодочникян,,,surname
лозян,,,surname
лонян,,,surname
лопушнян,,,surname
лорецян,,,surname
лотоян,,,surname
лскавян,,,surname
лубян,,,surname
лукиян,,,surname
лукьян,,,surname
луспарьян,,,surname
луциян,,,surname
лю-ю-дзян,,,surname
люклян,,,surname
люледжиян,,,surname
люликян,,,surname
лязгян,,,surname
лян,,,surname
ляунтян,,,surname
мавлян,,,surname
магакелян,,,surname
магакян,,,surname
магарян,,,surname
магдесьян,,,surname
магдесян,,,surname
магоян,,,surname
магульян,,,surname
магулян,,,surname
магурян,,,surname
мадатьян,,,surname
мадатян,,,surname
маделян,,,surname
мадильян,,,surname
мадосян,,,surname
мадоян,,,surname
мадыльян,,,surname
мадьян,,,surname
мажинян,,,surname
мазаян,,,surname
мазлумян,,,surname
мазманян,,,surname
маилян,,,surname
маилянц,,,surname
майдисян,,,surname
майкоглуян,,,surname
майлян,,,surname
майтесян,,,surname
макартычьян,,,surname
макартычян,,,surname
макарьян,,,surname
макарян,,,surname
макасьян,,,surname
маквецян,,,surname
макиян,,,surname
маклян,,,surname
макоян,,,surname
макукян,,,surname
макунян,,,surname
макуян,,,surname
макян,,,surname
малакян,,,surname
малахсян,,,surname
малаян,,,surname
маликонян,,,surname
маликян,,,surname
малинцян,,,surname
малумян,,,surname
малхасьян,,,surname
малхасян,,,surname
малхосян,,,surname
мальян,,,surname
мальянц,,,surname
мамалян,,,surname
мамаян,,,surname
мамджьян,,,surname
мамеян,,,surname
мамиконян,,,surname
мамиконянц,,,surname
мамикоянц,,,surname
мамоян,,,surname
мамулян,,,surname
мамян,,,surname
манандян,,,surname
манасарьян,,,surname
манасарянц,,,surname
манасян,,,surname
манвельян,,,surname
манвелян,,,surname
мангасарян,,,surname
манджликян,,,surname
мандукян,,,surname
манкикян,,,surname
манлян,,,surname
маноян,,,surname
манташян,,,surname
манукьян,,,surname
манукьянц,,,surname
манукян,,,surname
манукянц,,,surname
манулян,,,surname
манучарьян,,,surname
манучарян,,,surname
манучарянц,,,surname
манян,,,surname
марабян,,,surname
маргарян,,,surname
маргорян,,,surname
маргосян,,,surname
маргульян,,,surname
маргулян,,,surname
марданьянц,,,surname
марданян,,,surname
мардиросьян,,,surname
мардиросян,,,surname
мардоян,,,surname
маржинян,,,surname
марзанян,,,surname
марикян,,,surname
мариханян,,,surname
мариян,,,surname
мариянц,,,surname
марказьян,,,surname
маркарьян,,,surname
маркарян,,,surname
маркарянц,,,surname
маркорян,,,surname
маркосьян,,,surname
маркосян,,,surname
маркупчян,,,surname
мартемьян,,,surname
мартинкиян,,,surname
мартинкян,,,surname
мартиносян,,,surname
мартиросьян,,,surname
мартиросьянц,,,surname
мартиросян,,,surname
мартиросянц,,,surname
мартиян,,,surname
мартоян,,,surname
мартыросян,,,surname
мартьян,,,surname
мартян,,,surname
марукян,,,surname
марукянц,,,surname
марунян,,,surname
марусян,,,surname
марутян,,,surname
марутянц,,,surname
марухян,,,surname
марцинкьян,,,surname
марцинкян,,,surname
марьян,,,surname
марянян,,,surname
масесьян,,,surname
масропян,,,surname
масумян,,,surname
масян,,,surname
масянян,,,surname
матарансьян,,,surname
матевосьян,,,surname
матевосян,,,surname
матеросян,,,surname
матинян,,,surname
матиросян,,,surname
матосян,,,surname
матоянц,,,surname
матульян,,,surname
матулян,,,surname
матусян,,,surname
матынян,,,surname
махатарян,,,surname
махитарьянц,,,surname
махмурян,,,surname
махмурянц,,,surname
мацакян,,,surname
мацаян,,,surname
мачкалян,,,surname
машинян,,,surname
машурьян,,,surname
машурян,,,surname
машурянц,,,surname
машьян,,,surname
маянц,,,surname
мгдесян,,,surname
мгерьян,,,surname
мгерян,,,surname
мгроян,,,surname
мегерян,,,surname
меграбян,,,surname
мегрикян,,,surname
меделян,,,surname
меджинян,,,surname
меджлумян,,,surname
меджлунян,,,surname
медоян,,,surname
межлумян,,,surname
мезян,,,surname
мейрумян,,,surname
мелетлян,,,surname
мелетян,,,surname
мелик- казарян,,,surname
мелик-агамирянц,,,surname
мелик-давтян,,,surname
мелик-казарян,,,surname
мелик-каракозян,,,surname
мелик-карамян,,,surname
мелик-оганджанян,,,surname
мелик-саркисьянц,,,surname
мелик-симонян,,,surname
мелик-степанян,,,surname
меликбекян,,,surname
меликджанян,,,surname
меликсетян,,,surname
меликьян,,,surname
меликьянц,,,surname
меликян,,,surname
меликянц,,,surname
мелитян,,,surname
мелихян,,,surname
мелкомян,,,surname
мелконьян,,,surname
мелконян,,,surname
мелкопян,,,surname
мелкоян,,,surname
мелкумян,,,surname
мелкумянц,,,surname
мелоконян,,,surname
мелохаян,,,surname
мелоян,,,surname
мелтонян,,,surname
мельян,,,surname
мелян,,,surname
мервазян,,,surname
мервонян,,,surname
мердиян,,,surname
мерзоян,,,surname
меркунян,,,surname
меробян,,,surname
мерсопян,,,surname
мерьянц,,,surname
меселян,,,surname
месконян,,,surname
месронян,,,surname
месропян,,,surname
месропянц,,,surname
местоян,,,surname
месумян,,,surname
месян,,,surname
мехакян,,,surname
механджян,,,surname
мешаян,,,surname
мзикян,,,surname
мзыкян,,,surname
миасарян,,,surname
миациканян,,,surname
мигдесян,,,surname
мигилян,,,surname
мигранов,,,surname
мигранова,,,surname
мигранян,,,surname
мигулян,,,surname
мижасян,,,surname
микаелян,,,surname
микаелянц,,,surname
микальян,,,surname
микаслян,,,surname
микасян,,,surname
микаэльян,,,surname
микаэлян,,,surname
микельджанянц,,,surname
микикян,,,surname
микильян,,,surname
микиртычьянц,,,surname
микольян,,,surname
микоян,,,surname
миланян,,,surname
милитонян,,,surname
мильян,,,surname
милян,,,surname
минасян,,,surname
минишьян,,,surname
миносьян,,,surname
миносян,,,surname
минсян,,,surname
мирабян,,,surname
миракян,,,surname
миранян,,,surname
мирзабекьянц,,,surname
мирзабекян,,,surname
мирзаджанян,,,surname
мирзаханьян,,,surname
мирзаханян,,,surname
мирзаян,,,surname
мирзаянц,,,surname
мирзоян,,,surname
мирзоянц,,,surname
мирибян,,,surname
мирлян,,,surname
мирокиянц,,,surname
мирокян,,,surname
мироян,,,surname
миртчян,,,surname
мирумян,,,surname
мирумянц,,,surname
мисакян,,,surname
мискарян,,,surname
мискарянц,,,surname
мискирчян,,,surname
мистрян,,,surname
митоянц,,,surname
михаелян,,,surname
михаилян,,,surname
михайлян,,,surname
михайлянц,,,surname
михасаян,,,surname
михаэлян,,,surname
михитарьян,,,surname
мишетьян,,,surname
мишецеян,,,surname
мищетьян,,,surname
мкртичян,,,surname
мкртиян,,,surname
мкртумян,,,surname
мкртумянц,,,surname
мкртуян,,,surname
мкртчьян,,,surname
мкртчян,,,surname
мкртычян,,,surname
мкртычянц,,,surname
мкрчян,,,surname
мкрытычян,,,surname
мктрчян,,,surname
мнацакакян,,,surname
мнацаканян,,,surname
мнацаканянц,,,surname
мнацакатян,,,surname
мнацакаян,,,surname
мнацакинян,,,surname
мнацаконьян,,,surname
мнацаконян,,,surname
мнацакян,,,surname
мнацаханян,,,surname
мнацканян,,,surname
мнеян,,,surname
мноян,,,surname
мовельян,,,surname
мовилян,,,surname
мовлян,,,surname
мовсейсян,,,surname
мовсесьянц,,,surname
мовсесян,,,surname
мовсисян,,,surname
мовсисянц,,,surname
мовтян,,,surname
мовян,,,surname
могилян,,,surname
могорян,,,surname
моделян,,,surname
моджорян,,,surname
моклозян,,,surname
мокозян,,,surname
молдовян,,,surname
молодян,,,surname
момджиян,,,surname
момджян,,,surname
момджянц,,,surname
монтян,,,surname
моргулян,,,surname
мордоян,,,surname
мороян,,,surname
мосемилян,,,surname
мосесян,,,surname
мосикян,,,surname
мосиндян,,,surname
мосинян,,,surname
мосиян,,,surname
мослян,,,surname
мосоян,,,surname
мосьян,,,surname
мосян,,,surname
мошиян,,,surname
мстеян,,,surname
мстоян,,,surname
мугнецян,,,surname
мудриян,,,surname
мудульян,,,surname
мудулян,,,surname
мужурьянц,,,surname
мукаелян,,,surname
мукальянц,,,surname
муколян,,,surname
мукурдумян,,,surname
мулкиджанян,,,surname
мультян,,,surname
мумджян,,,surname
мунитян,,,surname
мунтиян,,,surname
мунтьян,,,surname
мунтян,,,surname
мураджян,,,surname
мурадзян,,,surname
мурадьян,,,surname
мурадян,,,surname
мурадянц,,,surname
муратянц,,,surname
мургулян,,,surname
муродьянц,,,surname
муродян,,,surname
муродянц,,,surname
мурьян,,,surname
мусаелян,,,surname
мусаелянц,,,surname
мусамельян,,,surname
мусаэлян,,,surname
муселимян,,,surname
мусесьянц,,,surname
мусикьянц,,,surname
мусикян,,,surname
мусиян,,,surname
мусоэлян,,,surname
мусоян,,,surname
мусоянц,,,surname
мустян,,,surname
мутафян,,,surname
мутикароян,,,surname
мутьян,,,surname
мухомедьян,,,surname
мухраньян,,,surname
мушегян,,,surname
мушечян,,,surname
мхаян,,,surname
мхикян,,,surname
мхитарьянц,,,surname
мхитарян,,,surname
мхитдрян,,,surname
мхоян,,,surname
мшецян,,,surname
мылтыхян,,,surname
мындрян,,,surname
мыхтарянц,,,surname
наапетян,,,surname
набандян,,,surname
навасардян,,,surname
навасарян,,,surname
навоян,,,surname
нагабедьян,,,surname
нагабедян,,,surname
нагапетьян,,,surname
нагапетьянц,,,surname
нагапетян,,,surname
нагдалян,,,surname
нагиян,,,surname
нагулян,,,surname
надерян,,,surname
наджарьян,,,surname
наджарян,,,surname
надирян,,,surname
надоян,,,surname
назаретян,,,surname
назарьян,,,surname
назарьянц,,,surname
назарян,,,surname
назикян,,,surname
назинян,,,surname
назлуян,,,surname
налбалдян,,,surname
налбандян,,,surname
налбандянц,,,surname
налгачян,,,surname
налгранянц,,,surname
налтакьян,,,surname
намалян,,,surname
нановьян,,,surname
наноян,,,surname
наргизян,,,surname
нардукян,,,surname
нарекян,,,surname
нарикян,,,surname
наринян,,,surname
насибян,,,surname
насибянц,,,surname
насирьян,,,surname
наскидянц,,,surname
насхулиян,,,surname
насхульян,,,surname
натанян,,,surname
нахапетян,,,surname
нахатакян,,,surname
нахрастьянц,,,surname
небоян,,,surname
неграбян,,,surname
неркарарян,,,surname
нерсесиян,,,surname
нерсесьян,,,surname
нерсесян,,,surname
нерсесянц,,,surname
нерсеян,,,surname
нерсисян,,,surname
нерсиян,,,surname
несвоян,,,surname
несмеян,,,surname
несмиян,,,surname
никогосьян,,,surname
никогосьянц,,,surname
никогосян,,,surname
николаян,,,surname
николян,,,surname
никорян,,,surname
никоян,,,surname
нистрян,,,surname
нитрян,,,surname
нишаньян,,,surname
новосартян,,,surname
нодирян,,,surname
нонисян,,,surname
нор-аревян,,,surname
норекян,,,surname
норлусинян,,,surname
нргеян,,,surname
нубарьян,,,surname
нубарян,,,surname
нуникян,,,surname
нурбекян,,,surname
нурдгианян,,,surname
нурджанян,,,surname
нуриджанян,,,surname
обаян,,,surname
обжельян,,,surname
обжелян,,,surname
обжильян,,,surname
обосян,,,surname
овагемянц,,,surname
овагимян,,,surname
овакемян,,,surname
овакимян,,,surname
овакиян,,,surname
ованесьян,,,surname
ованесьянц,,,surname
ованесян,,,surname
ованисянц,,,surname
овасапян,,,surname
овасафян,,,surname
овасян,,,surname
овелян,,,surname
овесян,,,surname
овеян,,,surname
овокимян,,,surname
овселян,,,surname
овсепьян,,,surname
овсепян,,,surname
овсипян,,,surname
овсиян,,,surname
овсян,,,surname
овчиян,,,surname
огаджанян,,,surname
оганджанян,,,surname
оганджанянц,,,surname
оганезян,,,surname
оганесьян,,,surname
оганесьянц,,,surname
оганесян,,,surname
оганисян,,,surname
оганнесян,,,surname
оганнисян,,,surname
оганьян,,,surname
оганян,,,surname
оганянц,,,surname
огасян,,,surname
огонесян,,,surname
огоньян,,,surname
огонян,,,surname
одабашьян,,,surname
одабашян,,,surname
одабащян,,,surname
озамнян,,,surname
озманян,,,surname
ознецян,,,surname
окзусян,,,surname
окосьян,,,surname
окроян,,,surname
оксузьян,,,surname
оксузян,,,surname
оланян,,,surname
олексян,,,surname
оликян,,,surname
олкинян,,,surname
оловян,,,surname
олсепян,,,surname
омарян,,,surname
омельян,,,surname
онесян,,,surname
онян,,,surname
опашнян,,,surname
опошнян,,,surname
оргиян,,,surname
орданьян,,,surname
ордиянц,,,surname
ордуханян,,,surname
ордуян,,,surname
ордян,,,surname
осенян,,,surname
осепьян,,,surname
осепян,,,surname
осеян,,,surname
осимян,,,surname
осинян,,,surname
осипьян,,,surname
осипьянц,,,surname
осипян,,,surname
осиян,,,surname
осоян,,,surname
осян,,,surname
отарян,,,surname
отян,,,surname
офлян,,,surname
охикян,,,surname
очеретян,,,surname
ошмян,,,surname
павлеванян,,,surname
пагосян,,,surname
паисян,,,surname
пайлеванян,,,surname
палагиян,,,surname
паладьян,,,surname
паладян,,,surname
палакян,,,surname
палатурян,,,surname
палоян,,,surname
палуян,,,surname
палян,,,surname
памбухчиянц,,,surname
памбухчян,,,surname
панасьян,,,surname
панасян,,,surname
паникян,,,surname
паносян,,,surname
паноян,,,surname
панян,,,surname
папазоглуян,,,surname
папазьян,,,surname
папазян,,,surname
папахчян,,,surname
папашьян,,,surname
папаян,,,surname
папекян,,,surname
папелян,,,surname
папикян,,,surname
папикянц,,,surname
папинян,,,surname
папиянц,,,surname
паповян,,,surname
папоян,,,surname
папьян,,,surname
папян,,,surname
паравян,,,surname
паранян,,,surname
парашян,,,surname
парванян,,,surname
паремузян,,,surname
паризян,,,surname
париян,,,surname
паронян,,,surname
парсаданян,,,surname
парсамян,,,surname
парсегьян,,,surname
парсегьянц,,,surname
парсегян,,,surname
партадьян,,,surname
парталян,,,surname
парцелян,,,surname
парцикян,,,surname
пастажян,,,surname
пастиян,,,surname
пастлян,,,surname
патваканян,,,surname
патрикян,,,surname
патурян,,,surname
паустьян,,,surname
пахальян,,,surname
паханьян,,,surname
пахларжян,,,surname
пахлеванян,,,surname
пахсарьян,,,surname
пашинян,,,surname
пашкальян,,,surname
пашкалян,,,surname
пашоян,,,surname
пашталян,,,surname
пашьян,,,surname
пашян,,,surname
пеглеванян,,,surname
пегливанян,,,surname
пейливанян,,,surname
пенанян,,,surname
пепанян,,,surname
пепоян,,,surname
перельян,,,surname
перчян,,,surname
петакчян,,,surname
петеян,,,surname
петорсян,,,surname
петоян,,,surname
петрасян,,,surname
петроссян,,,surname
петросьян,,,surname
петросьянц,,,surname
петросян,,,surname
петросянц,,,surname
петроян,,,surname
пецикян,,,surname
пешекерян,,,surname
пештерян,,,surname
пианитян,,,surname
пивазян,,,surname
пивосян,,,surname
пивторян,,,surname
пилильянц,,,surname
пилипян,,,surname
пилосян,,,surname
пилоян,,,surname
пилтоян,,,surname
пирвердян,,,surname
пирузян,,,surname
пирумян,,,surname
пирьян,,,surname
пичикян,,,surname
пиштовчян,,,surname
пиштокчьян,,,surname
плосподнян,,,surname
плотян,,,surname
побелян,,,surname
повстян,,,surname
погасян,,,surname
погосьян,,,surname
погосян,,,surname
погосянц,,,surname
подлепьян,,,surname
подольян,,,surname
подолян,,,surname
подурян,,,surname
поженян,,,surname
позикянц,,,surname
позоян,,,surname
пойразян,,,surname
покаян,,,surname
поладян,,,surname
поливян,,,surname
половьян,,,surname
половян,,,surname
полодьян,,,surname
полодян,,,surname
полстян,,,surname
полторян,,,surname
полуян,,,surname
полывян,,,surname
полюлян,,,surname
полян,,,surname
попазян,,,surname
попикян,,,surname
попилян,,,surname
поповьян,,,surname
поповян,,,surname
попоян,,,surname
попузян,,,surname
попуян,,,surname
попьян,,,surname
попюлян,,,surname
поркурян,,,surname
поркуян,,,surname
поркшеян,,,surname
порфирян,,,surname
постукьян,,,surname
потерян,,,surname
похиндян,,,surname
празян,,,surname
прескарьян,,,surname
приян,,,surname
прозян,,,surname
пропушнян,,,surname
просян,,,surname
прутьян,,,surname
прутян,,,surname
прутянц,,,surname
псакян,,,surname
псрдиян,,,surname
птукян,,,surname
пудеян,,,surname
пузян,,,surname
пурбайрамиян,,,surname
пушуджян,,,surname
пчемьян,,,surname
раганьян,,,surname
раганян,,,surname
рагонян,,,surname
райлян,,,surname
ральян,,,surname
рамазян,,,surname
рамоян,,,surname
расаян,,,surname
расоян,,,surname
рафаелян,,,surname
рафаэлян,,,surname
рашоян,,,surname
реблян,,,surname
ревазян,,,surname
рейлян,,,surname
ренуньянц,,,surname
рестакян,,,surname
рестеванян,,,surname
рехтмян,,,surname
ризельян,,,surname
роганьян,,,surname
роганян,,,surname
рогозян,,,surname
рогоньян,,,surname
рогонян,,,surname
родзян,,,surname
ройлян,,,surname
рокотян,,,surname
рольян,,,surname
ростомян,,,surname
ротинян,,,surname
рубенян,,,surname
рудян,,,surname
русиян,,,surname
руссиян,,,surname
рустамян,,,surname
русьян,,,surname
рушанян,,,surname
рыбьян,,,surname
рыбян,,,surname
рымян,,,surname
рэйлян,,,surname
рэлян,,,surname
саакиянц,,,surname
саакьян,,,surname
саакьянц,,,surname
саакян,,,surname
саакянц,,,surname
саарян,,,surname
саатчиян,,,surname
саберикян,,,surname
сабирзян,,,surname
сабостьян,,,surname
савастьян,,,surname
савельян,,,surname
савестьян,,,surname
савостиян,,,surname
савостьян,,,surname
савосьтьян,,,surname
савсян,,,surname
сагакиян,,,surname
сагакян,,,surname
сагакянц,,,surname
сагапетян,,,surname
сагарьян,,,surname
сагарян,,,surname
сагателян,,,surname
сагиян,,,surname
сагомонян,,,surname
саградян,,,surname
сагрян,,,surname
сагян,,,surname
садиян,,,surname
садоян,,,surname
садыхян,,,surname
садян,,,surname
сажумян,,,surname
саилян,,,surname
саиян,,,surname
сайнянц,,,surname
сайранян,,,surname
сайян,,,surname
саканян,,,surname
сакасьян,,,surname
сакирян,,,surname
сакоян,,,surname
сакрисян,,,surname
салахаян,,,surname
салахян,,,surname
салбиян,,,surname
салназарян,,,surname
салуян,,,surname
салхиян,,,surname
самвелян,,,surname
самостян,,,surname
самсонян,,,surname
самунджян,,,surname
самуэльян,,,surname
самуэлян,,,surname
санамян,,,surname
санамянц,,,surname
санасарян,,,surname
сандулян,,,surname
саносьян,,,surname
саносян,,,surname
саноян,,,surname
сантросян,,,surname
сантрян,,,surname
саокян,,,surname
сапонджян,,,surname
сапьян,,,surname
сарабашян,,,surname
сарабян,,,surname
сарадарян,,,surname
сараджян,,,surname
саратикян,,,surname
саратян,,,surname
саратянц,,,surname
сарванян,,,surname
сарвисян,,,surname
саргасян,,,surname
саргесян,,,surname
саргеян,,,surname
саргисян,,,surname
саргсян,,,surname
саргсянц,,,surname
сардарьян,,,surname
сардарян,,,surname
сарецян,,,surname
сарибегян,,,surname
сарибекян,,,surname
сарикян,,,surname
саркасян,,,surname
саркесян,,,surname
саркисьян,,,surname
саркисьянц,,,surname
саркисян,,,surname
саркисянц,,,surname
сарксян,,,surname
сароян,,,surname
сарумян,,,surname
сарумянц,,,surname
саруханян,,,surname
саруханянц,,,surname
сарыбекян,,,surname
сарьян,,,surname
сарян,,,surname
сатурян,,,surname
саульян,,,surname
саулян,,,surname
саустьян,,,surname
сафарьян,,,surname
сафарьянц,,,surname
сафарян,,,surname
сафарянц,,,surname
сафаян,,,surname
сафоян,,,surname
сафразян,,,surname
сафьян,,,surname
сачиян,,,surname
саядян,,,surname
саямян,,,surname
саян,,,surname
сбодян,,,surname
свазьян,,,surname
свахчян,,,surname
себоян,,,surname
севастиян,,,surname
севастьян,,,surname
северян,,,surname
севиян,,,surname
севовтьян,,,surname
севоркян,,,surname
севостиян,,,surname
севостьян,,,surname
севоян,,,surname
севумян,,,surname
севьян,,,surname
севян,,,surname
седракян,,,surname
сейинян,,,surname
сейранян,,,surname
селимян,,,surname
сельвиян,,,surname
сельвян,,,surname
семенян,,,surname
семьян,,,surname
семян,,,surname
сепьян,,,surname
сергиян,,,surname
сердакян,,,surname
серебриян,,,surname
серемьян,,,surname
серобян,,,surname
серопьян,,,surname
серопян,,,surname
серопянц,,,surname
сетоян,,,surname
сетян,,,surname
сеферьян,,,surname
сеферян,,,surname
сехлян,,,surname
сианосян,,,surname
сигуян,,,surname
сизко-габриелян,,,surname
силоян,,,surname
силуян,,,surname
сильян,,,surname
симаворян,,,surname
симанян,,,surname
симикян,,,surname
симованьян,,,surname
симовоньян,,,surname
симонян,,,surname
симонянц,,,surname
симунян,,,surname
сингуян,,,surname
синджоян,,,surname
синикчиянц,,,surname
сираканян,,,surname
сирунян,,,surname
ситмонян,,,surname
скепьян,,,surname
скинтиян,,,surname
слабодзян,,,surname
слабодян,,,surname
слаборян,,,surname
слепьян,,,surname
слепян,,,surname
слободзян,,,surname
слободьян,,,surname
слободян,,,surname
слобозян,,,surname
слоян,,,surname
смеян,,,surname
смирнова-захарянц,,,surname
смиян,,,surname
смолян,,,surname
смоян,,,surname
снджоян,,,surname
снхчян,,,surname
совсян,,,surname
согомоньянц,,,surname
согомонян,,,surname
согомонянц,,,surname
согоян,,,surname
соиянц,,,surname
сокирян,,,surname
соколян,,,surname
сокурьян,,,surname
солагаян,,,surname
соловьян,,,surname
соловян,,,surname
соломонян,,,surname
соломян,,,surname
солоян,,,surname
солуян,,,surname
сольян,,,surname
соркесьян,,,surname
сосиян,,,surname
сосьян,,,surname
софьян,,,surname
софян,,,surname
спандунян,,,surname
сперцян,,,surname
спесян,,,surname
специян,,,surname
спремян,,,surname
спринсян,,,surname
спрынсян,,,surname
срабионян,,,surname
срабоян,,,surname
срапионян,,,surname
срмакашян,,,surname
срташян,,,surname
стамбулян,,,surname
стеблян,,,surname
степаньян,,,surname
степаньянц,,,surname
степанян,,,surname
степанянц,,,surname
степонян,,,surname
стефаньян,,,surname
стоколян,,,surname
стоян,,,surname
страйстян,,,surname
стукнян,,,surname
сугян,,,surname
суджян,,,surname
суказьянц,,,surname
сукасьян,,,surname
сукасян,,,surname
сукаян,,,surname
сукеасян,,,surname
сукиасян,,,surname
сукисян,,,surname
сукласян,,,surname
суклиян,,,surname
сукнасян,,,surname
сукосян,,,surname
сукоян,,,surname
сулейманян,,,surname
сулутьян,,,surname
сульянц,,,surname
сумботян,,,surname
сумбулян,,,surname
сунгурдян,,,surname
сунгуртян,,,surname
сунгурян,,,surname
суренян,,,surname
сурмалян,,,surname
суруджян,,,surname
сусиян,,,surname
сухарьян,,,surname
сухиасян,,,surname
сыдеян,,,surname
сынжерян,,,surname
тpоян,,,surname
табирян,,,surname
тавадян,,,surname
тавакальян,,,surname
тавакалян,,,surname
таварасьян,,,surname
таварян,,,surname
тавмасян,,,surname
таводян,,,surname
тадевасян,,,surname
тадевосьян,,,surname
тадевосян,,,surname
таегян,,,surname
такмазьян,,,surname
такмазян,,,surname
тамарян,,,surname
тамасян,,,surname
тамевосян,,,surname
тамзарян,,,surname
тамирян,,,surname
тамоян,,,surname
тамразян,,,surname
танакаян,,,surname
тананян,,,surname
тандилян,,,surname
танкаян,,,surname
танян,,,surname
таразян,,,surname
тарасьян,,,surname
тарасьянц,,,surname
тарасян,,,surname
тарафян,,,surname
тарвердян,,,surname
тарзян,,,surname
тарлакьян,,,surname
тарлакян,,,surname
тарминян,,,surname
таронян,,,surname
тарпанян,,,surname
тарханян,,,surname
таслагян,,,surname
татарян,,,surname
татевосян,,,surname
татевян,,,surname
татикян,,,surname
татосьян,,,surname
татосян,,,surname
татоян,,,surname
татульян,,,surname
татулян,,,surname
татурян,,,surname
татьян,,,surname
тахмазян,,,surname
тахминян,,,surname
тахмшиян,,,surname
тахтаджян,,,surname
ташиянц,,,surname
тащиян,,,surname
тащян,,,surname
теванян,,,surname
теволян,,,surname
тевонян,,,surname
тевонянц,,,surname
тевосян,,,surname
тевоян,,,surname
текнеджян,,,surname
теликян,,,surname
телоян,,,surname
тентерян,,,surname
тепикян,,,surname
тепулян,,,surname
тер-абрамян,,,surname
тер-авестян,,,surname
тер-акопян,,,surname
тер-антонян,,,surname
тер-арутюнян,,,surname
тер-багдасарян,,,surname
тер-габриэлянц,,,surname
тер-газарянц,,,surname
тер-григорьянц,,,surname
тер-гукасянц,,,surname
тер-захарьян,,,surname
тер-казарян,,,surname
тер-каразян,,,surname
тер-карапетян,,,surname
тер-карапетянц,,,surname
тер-карикинян,,,surname
тер-матевосьянц,,,surname
тер-матеосян,,,surname
тер-микаэлян,,,surname
тер-мкртичьян,,,surname
тер-оганесьян,,,surname
тер-оганесян,,,surname
тер-оганесянц,,,surname
тер-саакян,,,surname
тер-симонян,,,surname
тер-степанянц,,,surname
тер-товмасян,,,surname
тер-хачатурянц,,,surname
терацуянц,,,surname
тербалиян,,,surname
терджанян,,,surname
терекян,,,surname
терзеян,,,surname
терзиян,,,surname
терзьян,,,surname
терзян,,,surname
термихольянц,,,surname
тероганян,,,surname
терсаакян,,,surname
тертерьянц,,,surname
тертерян,,,surname
терьян,,,surname
терян,,,surname
тесарян,,,surname
тиваньян,,,surname
тигнян,,,surname
тигранян,,,surname
тилкиян,,,surname
тинкинчян,,,surname
тинкчян,,,surname
типухян,,,surname
тиракьян,,,surname
тиракян,,,surname
тиратурян,,,surname
тирацуян,,,surname
титоян,,,surname
товмасьян,,,surname
товмасян,,,surname
товмосян,,,surname
тозлиян,,,surname
тозлян,,,surname
токурьян,,,surname
томасян,,,surname
томеян,,,surname
томоян,,,surname
тонаганян,,,surname
тонаканян,,,surname
тонапетян,,,surname
тонаян,,,surname
тоникян,,,surname
тониян,,,surname
тоноканян,,,surname
тоноян,,,surname
тоноянц,,,surname
тоньян,,,surname
тонян,,,surname
топольян,,,surname
тополян,,,surname
топузян,,,surname
топчиян,,,surname
топчян,,,surname
торгомян,,,surname
торлакьян,,,surname
торлакян,,,surname
торлокьян,,,surname
торлокян,,,surname
торосьян,,,surname
торосьянц,,,surname
торосян,,,surname
торпуджиян,,,surname
торхян,,,surname
торян,,,surname
тосунян,,,surname
тотоян,,,surname
тохиян,,,surname
тохтамишян,,,surname
травян,,,surname
транзонян,,,surname
трапизанян,,,surname
трастьян,,,surname
траян,,,surname
трдатян,,,surname
трестьян,,,surname
трестян,,,surname
третьян,,,surname
троян,,,surname
трунян,,,surname
трян,,,surname
тулеузян,,,surname
тулумбаджян,,,surname
тульян,,,surname
туманьян,,,surname
туманьянц,,,surname
туманян,,,surname
туманянц,,,surname
тумасьян,,,surname
тумасян,,,surname
тумикянц,,,surname
тумоян,,,surname
туноян,,,surname
тунян,,,surname
тутунджян,,,surname
тухикян,,,surname
тчорухян,,,surname
тызыхян,,,surname
тынкчян,,,surname
тышлангян,,,surname
тян,,,surname
угнурьян,,,surname
угурян,,,surname
узлян,,,surname
узунян,,,surname
узунянц,,,surname
улиханян,,,surname
улоян,,,surname
улусьян,,,surname
улуханьянц,,,surname
умбриян,,,surname
умитян,,,surname
умриян,,,surname
умроянц,,,surname
умршатян,,,surname
умытян,,,surname
унаньян,,,surname
унанян,,,surname
унгурьян,,,surname
унгурян,,,surname
унгурянц,,,surname
упанян,,,surname
урсулян,,,surname
урьян,,,surname
усоян,,,surname
устаян,,,surname
устиян,,,surname
устиянц,,,surname
устоян,,,surname
устьян,,,surname
устян,,,surname
усубян,,,surname
фабульян,,,surname
фабьян,,,surname
фаградян,,,surname
фадаиян,,,surname
фарадьян,,,surname
фариян,,,surname
фарманьян,,,surname
фарманян,,,surname
фарманянц,,,surname
фарсиян,,,surname
фарьян,,,surname
фатьян,,,surname
фатян,,,surname
фахрадян,,,surname
фаянц,,,surname
федорян,,,surname
ферджулян,,,surname
фероян,,,surname
фиданян,,,surname
филосян,,,surname
фильян,,,surname
филян,,,surname
фирьян,,,surname
флорян,,,surname
флянц,,,surname
фолиян,,,surname
фонарджян,,,surname
форостьян,,,surname
форостян,,,surname
франгульян,,,surname
фролян,,,surname
фундукьян,,,surname
фундукян,,,surname
футорян,,,surname
хабаликян,,,surname
хавранян,,,surname
хагагортян,,,surname
хагатурян,,,surname
хагатян,,,surname
хаджаянц,,,surname
хаджиянц,,,surname
хаджоян,,,surname
хажакян,,,surname
хазарджян,,,surname
хаизядян,,,surname
хаишбашьян,,,surname
хаишбашян,,,surname
хайхян,,,surname
халаджян,,,surname
халадинян,,,surname
халайджян,,,surname
халамбашян,,,surname
халатьянц,,,surname
халатян,,,surname
халафян,,,surname
халваджян,,,surname
халтян,,,surname
халхатьян,,,surname
хамалян,,,surname
хамбекян,,,surname
хамоян,,,surname
ханагян,,,surname
ханатурян,,,surname
ханбекян,,,surname
ханвелян,,,surname
хангальдян,,,surname
хангелдян,,,surname
хангулян,,,surname
хандакарян,,,surname
ханджиян,,,surname
ханджян,,,surname
хандилян,,,surname
хандкарян,,,surname
ханжальянц,,,surname
ханжиян,,,surname
ханзулян,,,surname
ханинян,,,surname
хансанамян,,,surname
хантимерян,,,surname
ханферян,,,surname
ханчалян,,,surname
ханшоян,,,surname
хапланян,,,surname
харагезян,,,surname
харагурьян,,,surname
харазян,,,surname
харазянц,,,surname
хараманян,,,surname
харапетян,,,surname
харатьян,,,surname
харатян,,,surname
харахашян,,,surname
хармандарян,,,surname
хартавакян,,,surname
хартян,,,surname
хархарян,,,surname
хасратьянц,,,surname
хастьян,,,surname
хастян,,,surname
хатаян,,,surname
хатламаджиян,,,surname
хатьян,,,surname
хаугосмян,,,surname
хахладжян,,,surname
хацоян,,,surname
хачадурян,,,surname
хачанян,,,surname
хачатарян,,,surname
хачаторян,,,surname
хачатрян,,,surname
хачатрянц,,,surname
хачатурьян,,,surname
хачатурьянц,,,surname
хачатурян,,,surname
хачатурянц,,,surname
хачаян,,,surname
хачикьян,,,surname
хачикян,,,surname
хачитурян,,,surname
хачиян,,,surname
хачкинаян,,,surname
хачоян,,,surname
хачпанян,,,surname
хачян,,,surname
хачятрян,,,surname
хашильян,,,surname
хаян,,,surname
хбликян,,,surname
хворостян,,,surname
хдрян,,,surname
хедоян,,,surname
хейгетян,,,surname
хекоян,,,surname
хемчян,,,surname
хечоян,,,surname
хечумян,,,surname
хечьян,,,surname
хзарджян,,,surname
хзмалян,,,surname
хигатян,,,surname
хидишян,,,surname
хижнян,,,surname
хизанян,,,surname
хлиян,,,surname
хлоян,,,surname
хмкоян,,,surname
хнкоян,,,surname
хнцрцян,,,surname
хобян,,,surname
ходерян,,,surname
ходжабегян,,,surname
ходжаян,,,surname
ходжикян,,,surname
ходжоян,,,surname
ходжян,,,surname
хоецян,,,surname
хожбекян,,,surname
холотьян,,,surname
холхатьян,,,surname
хомусян,,,surname
хондкарян,,,surname
хоренян,,,surname
хорошикян,,,surname
хоршикян,,,surname
хоршинян,,,surname
хоршудян,,,surname
хосровян,,,surname
хостян,,,surname
хотобян,,,surname
хотьян,,,surname
хотян,,,surname
хоуян,,,surname
хочкиян,,,surname
хошафян,,,surname
хошбекян,,,surname
хоянян,,,surname
хроян,,,surname
хрхрян,,,surname
хубиян,,,surname
хубларян,,,surname
худавердян,,,surname
худинян,,,surname
худиянц,,,surname
худовердян,,,surname
худоян,,,surname
хумарьян,,,surname
хумарян,,,surname
хуоян,,,surname
хурдаян,,,surname
хурдоян,,,surname
хуршудьян,,,surname
хуршудян,,,surname
хутлубян,,,surname
хуторян,,,surname
хчоян,,,surname
цадурян,,,surname
царукян,,,surname
цатурьян,,,surname
цатурьянц,,,surname
цатурян,,,surname
цаян,,,surname
ценян,,,surname
церетьян,,,surname
церетян,,,surname
церунян,,,surname
цзян,,,surname
цивьян,,,surname
цирунян,,,surname
цовян,,,surname
цормудян,,,surname
цоцикян,,,surname
цугунян,,,surname
цукурьян,,,surname
цуприян,,,surname
цхяян,,,surname
цывьян,,,surname
чабанян,,,surname
чабонян,,,surname
чавдарян,,,surname
чадранян,,,surname
чайларьянц,,,surname
чайлиян,,,surname
чайлян,,,surname
чакальянц,,,surname
чакарьян,,,surname
чакмазян,,,surname
чакрян,,,surname
чалабян,,,surname
чалманян,,,surname
чалхахян,,,surname
чальян,,,surname
чалян,,,surname
чаманян,,,surname
чамарян,,,surname
чамурян,,,surname
чамчиян,,,surname
чамян,,,surname
чарбашян,,,surname
чарзавакян,,,surname
чаркозян,,,surname
чарухян,,,surname
чарчян,,,surname
чатаджян,,,surname
чатинян,,,surname
чатоян,,,surname
чаушян,,,surname
чахальянц,,,surname
чахалян,,,surname
чахмахчян,,,surname
чахоян,,,surname
чебаньян,,,surname
чеботарян,,,surname
чекучян,,,surname
челокьян,,,surname
челохян,,,surname
чембровян,,,surname
чен лян,,,surname
чепелян,,,surname
чепниян,,,surname
черкезьян,,,surname
черкесьян,,,surname
чермакян,,,surname
четулян,,,surname
чечелян,,,surname
чибичян,,,surname
чибухчян,,,surname
чикарьян,,,surname
чикирьян,,,surname
чил-акопян,,,surname
чиликян,,,surname
чилингарян,,,surname
чилингорьянц,,,surname
чилингорян,,,surname
чилякян,,,surname
чимбровян,,,surname
чимингарьян,,,surname
чимишкян,,,surname
чинарян,,,surname
чиришьян,,,surname
чиркинян,,,surname
чиркинянц,,,surname
чистопьян,,,surname
читечян,,,surname
чичакян,,,surname
чичиян,,,surname
чичиянц,,,surname
чичоян,,,surname
члоян,,,surname
чнаваян,,,surname
чобанян,,,surname
чобонян,,,surname
чованян,,,surname
чокандарян,,,surname
чолакян,,,surname
чолахян,,,surname
чолокьян,,,surname
чолокян,,,surname
чолоян,,,surname
чомарян,,,surname
чонтян,,,surname
чонян,,,surname
чопикян,,,surname
чопурян,,,surname
чопчян,,,surname
чораян,,,surname
чороянц,,,surname
чрагян,,,surname
чубарьян,,,surname
чубарян,,,surname
чубинян,,,surname
чувараян,,,surname
чугурян,,,surname
чунахян,,,surname
чундурян,,,surname
чухадрян,,,surname
чухлян,,,surname
чуян,,,surname
чюян,,,surname
шабабян,,,surname
шабанян,,,surname
шабоян,,,surname
шавердян,,,surname
шавоян,,,surname
шагалдян,,,surname
шагбазян,,,surname
шагилян,,,surname
шагиньян,,,surname
шагинян,,,surname
шагламджян,,,surname
шагоян,,,surname
шадикьян,,,surname
шадиян,,,surname
шадян,,,surname
шаинян,,,surname
шакарян,,,surname
шакгельдян,,,surname
шаксуварян,,,surname
шаликян,,,surname
шальварьян,,,surname
шамамян,,,surname
шамельян,,,surname
шамирьян,,,surname
шамирян,,,surname
шамлиян,,,surname
шамоян,,,surname
шандрян,,,surname
шапагатян,,,surname
шарабханян,,,surname
шаразян,,,surname
шарафян,,,surname
шарикян,,,surname
шарлуян,,,surname
шароян,,,surname
шароянц,,,surname
шарян,,,surname
шатверян,,,surname
шатворян,,,surname
шатыкьян,,,surname
шаумциян,,,surname
шаумян,,,surname
шахазизян,,,surname
шахбазьян,,,surname
шахбазян,,,surname
шахбатьян,,,surname
шахвардян,,,surname
шахвердян,,,surname
шахгельдян,,,surname
шахгельдянц,,,surname
шахкамян,,,surname
шахкельдян,,,surname
шахкомян,,,surname
шахкян,,,surname
шахламджян,,,surname
шахмельян,,,surname
шахмелян,,,surname
шахназарьян,,,surname
шахназарян,,,surname
шахнозарян,,,surname
шахпаронян,,,surname
шахпозьян,,,surname
шахраманян,,,surname
шахсуварян,,,surname
шахян,,,surname
шаян,,,surname
шварумян,,,surname
шебелян,,,surname
шегиян,,,surname
шеиян,,,surname
шейранян,,,surname
шекольян,,,surname
шеколян,,,surname
шелепгян,,,surname
шелестян,,,surname
шельвян,,,surname
шелян,,,surname
шембелян,,,surname
шефлян,,,surname
шехоян,,,surname
шеян,,,surname
шиганян,,,surname
шикарян,,,surname
шикшнян,,,surname
шильвян,,,surname
шильян,,,surname
шилян,,,surname
шимян,,,surname
ширванянц,,,surname
ширинян,,,surname
ширинянц,,,surname
ширян,,,surname
шифлян,,,surname
шишиян,,,surname
шиян,,,surname
шкоян,,,surname
шмавонян,,,surname
шмавонянц,,,surname
шнян,,,surname
шорлуян,,,surname
шукурян,,,surname
шукян,,,surname
шушанян,,,surname
шушонян,,,surname
шуян,,,surname
шхимян,,,surname
шхиньян,,,surname
шхиян,,,surname
шыкшнян,,,surname
щагинян,,,surname
эвинян,,,surname
эвоян,,,surname
эдигорьян,,,surname
эдилян,,,surname
эдрисиян,,,surname
эзоянц,,,surname
эзыкьян,,,surname
эйвозян,,,surname
экизян,,,surname
экимян,,,surname
экишян,,,surname
экнадосьян,,,surname
эксузьян,,,surname
эксузян,,,surname
экшиян,,,surname
элбакян,,,surname
элизбарьян,,,surname
элизбарян,,,surname
элодзян,,,surname
элоян,,,surname
элчакян,,,surname
эльбакьян,,,surname
эльбакян,,,surname
эльчибекян,,,surname
эмексузян,,,surname
эмильян,,,surname
эмишьян,,,surname
энгоян,,,surname
эпоян,,,surname
эраносьян,,,surname
эриян,,,surname
эрпанусян,,,surname
эситян,,,surname
эфендянц,,,surname
юзбашьянц,,,surname
юзбашян,,,surname
юргелянц,,,surname
юрдумян,,,surname
юркиян,,,surname
юркьян,,,surname
юрьян,,,surname
юханян,,,surname
явриян,,,surname
яврумян,,,surname
явруян,,,surname
яврян,,,surname
ягонян,,,surname
ягубян,,,surname
ягутян,,,surname
ядикарян,,,surname
язерян,,,surname
языджян,,,surname
яйлоян,,,surname
яйлян,,,surname
яконян,,,surname
якубиян,,,surname
якьян,,,surname
якян,,,surname
яланузян,,,surname
ямухян,,,surname
янгличиян,,,surname
яногьян,,,surname
яногян,,,surname
янукьян,,,surname
янукян,,,surname
яралян,,,surname
ярамишян,,,surname
ярвельянц,,,surname
яхшибекян,,,surname
яхшиян,,,surname
